<?xml version="1.0" encoding="UTF-8"?>
<project-private xmlns="http://www.netbeans.org/ns/project-private/1">
    <editor-bookmarks xmlns="http://www.netbeans.org/ns/editor-bookmarks/2" lastBookmarkId="0"/>
    <open-files xmlns="http://www.netbeans.org/ns/projectui-open-files/2">
        <group name="Final">
            <file>file:/C:/Users/Alejandro/Documents/NetBeansProjects/PojosBotanica/src/pojosbotánica/Operaciones.java</file>
            <file>file:/C:/Users/Alejandro/Documents/NetBeansProjects/PojosBotanica/src/pojosbotánica/Peticion.java</file>
            <file>file:/C:/Users/Alejandro/Documents/NetBeansProjects/PojosBotanica/src/pojosbotánica/Respuesta.java</file>
            <file>file:/C:/Users/Alejandro/Documents/NetBeansProjects/PojosBotanica/src/pojosbotánica/Usuario.java</file>
            <file>file:/C:/Users/Alejandro/Documents/NetBeansProjects/PojosBotanica/src/pojosbotánica/Bicho.java</file>
            <file>file:/C:/Users/Alejandro/Documents/NetBeansProjects/PojosBotanica/src/pojosbotánica/BichoPlanta.java</file>
            <file>file:/C:/Users/Alejandro/Documents/NetBeansProjects/PojosBotanica/src/pojosbotánica/ExcepcionHr.java</file>
            <file>file:/C:/Users/Alejandro/Documents/NetBeansProjects/PojosBotanica/src/pojosbotánica/Guia.java</file>
            <file>file:/C:/Users/Alejandro/Documents/NetBeansProjects/PojosBotanica/src/pojosbotánica/InteresBotanico.java</file>
            <file>file:/C:/Users/Alejandro/Documents/NetBeansProjects/PojosBotanica/src/pojosbotánica/Planta.java</file>
            <file>file:/C:/Users/Alejandro/Documents/NetBeansProjects/PojosBotanica/src/pojosbotánica/Reseña.java</file>
            <file>file:/C:/Users/Alejandro/Documents/NetBeansProjects/PojosBotanica/src/pojosbotánica/UsuarioPlanta.java</file>
        </group>
        <group name="DesarrolloInterfaces">
            <file>file:/C:/Users/Alejandro/Documents/NetBeansProjects/PojosBotanica/src/pojosbotanica/Planta.java</file>
            <file>file:/C:/Users/Alejandro/Documents/NetBeansProjects/PojosBotanica/src/pojosbotanica/Guia.java</file>
            <file>file:/C:/Users/Alejandro/Documents/NetBeansProjects/PojosBotanica/src/pojosbotanica/InsectoPlanta.java</file>
            <file>file:/C:/Users/Alejandro/Documents/NetBeansProjects/PojosBotanica/src/pojosbotanica/Resena.java</file>
            <file>file:/C:/Users/Alejandro/Documents/NetBeansProjects/PojosBotanica/src/pojosbotanica/InteresBotanico.java</file>
            <file>file:/C:/Users/Alejandro/Documents/NetBeansProjects/PojosBotanica/src/pojosbotanica/Usuario.java</file>
            <file>file:/C:/Users/Alejandro/Documents/NetBeansProjects/PojosBotanica/src/pojosbotanica/UsuarioPlanta.java</file>
            <file>file:/C:/Users/Alejandro/Documents/NetBeansProjects/PojosBotanica/src/pojosbotanica/Insecto.java</file>
        </group>
    </open-files>
</project-private>
